-- phpMyAdmin SQL Dump
-- version 5.2.1
-- https://www.phpmyadmin.net/
--
-- Host: localhost:3306
-- Generation Time: Jul 05, 2023 at 11:09 AM
-- Server version: 10.3.39-MariaDB-cll-lve
-- PHP Version: 8.2.6

SET SQL_MODE = "NO_AUTO_VALUE_ON_ZERO";
START TRANSACTION;
SET time_zone = "+00:00";


/*!40101 SET @OLD_CHARACTER_SET_CLIENT=@@CHARACTER_SET_CLIENT */;
/*!40101 SET @OLD_CHARACTER_SET_RESULTS=@@CHARACTER_SET_RESULTS */;
/*!40101 SET @OLD_COLLATION_CONNECTION=@@COLLATION_CONNECTION */;
/*!40101 SET NAMES utf8mb4 */;

--
-- Database: `flzgjwwk_cellas`
--

--
-- Dumping data for table `banks`
--

INSERT INTO `banks` (`id`, `company_id`, `bank_name`, `account`, `acc_name`, `created_at`, `updated_at`, `deleted_at`) VALUES
(1, NULL, 'BCA', '7335111168', 'Sammy Lim', '2023-07-02 12:38:39', '2023-07-02 12:38:39', NULL),
(2, NULL, 'BCA', '4199070999', 'Sammy Lim', '2023-07-02 12:40:36', '2023-07-02 12:40:36', NULL),
(3, NULL, 'BCA', '4777772677', 'PT PERSADA KARTIKA SEJAHTERA', '2023-07-02 12:41:35', '2023-07-02 12:41:35', NULL),
(4, NULL, 'BCA', '6044292704', 'PT MARSHELLA MAKMUR ABADI', '2023-07-02 12:42:07', '2023-07-02 12:42:07', NULL),
(5, NULL, 'BCA', '6044329900', 'Verina Suci Narasti', '2023-07-02 12:45:11', '2023-07-02 12:45:11', NULL),
(6, NULL, 'BCA', '7645075005', 'Harryanto', '2023-07-02 12:45:42', '2023-07-02 12:45:42', NULL),
(7, NULL, 'Mandiri', '1190009936947', 'Michelle Anastasia', '2023-07-02 12:46:34', '2023-07-02 12:46:34', NULL),
(8, NULL, 'Rekening digital', '00', 'Digital', '2023-07-02 17:26:53', '2023-07-02 17:26:53', NULL),
(9, NULL, 'Gabungan', '000', 'Santi gabungan', '2023-07-02 17:30:40', '2023-07-02 17:30:40', NULL),
(10, NULL, 'Gabungan', '0000', 'Abm', '2023-07-02 17:31:06', '2023-07-02 17:31:06', NULL),
(11, NULL, 'Gabungan', '00000', 'Sheet 2022 12okt', '2023-07-02 17:40:54', '2023-07-02 17:40:54', NULL),
(12, NULL, 'Gabungan', '0000000', 'Sheet 2022 18nov', '2023-07-02 17:41:18', '2023-07-02 17:41:18', NULL),
(13, NULL, 'Gabungan', '0000000', 'An', '2023-07-02 17:51:31', '2023-07-02 17:51:31', NULL),
(14, NULL, 'Gabungan', '00000', 'Sam', '2023-07-02 17:51:44', '2023-07-02 17:51:44', NULL),
(15, NULL, 'Gabungan', '00', 'Budi', '2023-07-02 17:51:55', '2023-07-02 17:51:55', NULL),
(16, NULL, 'Gabungan', '000', 'Follie', '2023-07-02 17:52:11', '2023-07-02 17:52:11', NULL),
(17, NULL, 'BCA', '4771999888', 'Michelle Anastasia C', '2023-07-03 03:19:38', '2023-07-03 03:19:38', NULL),
(18, NULL, 'BCA', '4777776222', 'Hendra', '2023-07-03 04:24:29', '2023-07-03 04:24:29', NULL);

--
-- Dumping data for table `companies`
--

INSERT INTO `companies` (`id`, `company_code`, `company_name`, `created_at`, `updated_at`, `deleted_at`) VALUES
(1, NULL, 'Persada', '2023-07-02 12:35:38', '2023-07-02 12:35:38', NULL),
(2, NULL, 'Marshella', '2023-07-02 12:35:45', '2023-07-02 12:35:54', NULL),
(3, NULL, 'LC', '2023-07-02 12:36:02', '2023-07-02 12:36:02', NULL),
(4, NULL, 'Suwandy', '2023-07-02 12:36:10', '2023-07-02 12:36:10', NULL),
(5, NULL, 'Hao btm', '2023-07-02 12:36:25', '2023-07-02 12:36:25', NULL),
(6, NULL, 'Pribadi Sammy Lim', '2023-07-02 12:53:16', '2023-07-02 12:53:16', NULL),
(7, NULL, 'Rek gabungan', '2023-07-02 17:19:14', '2023-07-02 17:19:14', NULL);

--
-- Dumping data for table `customers`
--

INSERT INTO `customers` (`id`, `customer_code`, `account_no`, `company`, `name`, `email_address`, `job_title`, `business_phone`, `home_phone`, `mobile_phone`, `fax_number`, `address`, `city`, `state_province`, `zip_postal_code`, `country_region`, `web_page`, `notes`, `attachments`, `deleted_at`, `created_at`, `updated_at`) VALUES
(1, NULL, NULL, NULL, 'Mr. Munesh', NULL, NULL, NULL, NULL, NULL, NULL, NULL, NULL, NULL, NULL, NULL, NULL, NULL, NULL, NULL, NULL, NULL),
(2, NULL, NULL, NULL, 'Yosep', NULL, NULL, NULL, NULL, NULL, NULL, NULL, NULL, NULL, NULL, NULL, NULL, NULL, NULL, NULL, '2023-07-02 12:31:00', '2023-07-02 12:31:00'),
(3, NULL, NULL, NULL, 'Vincent', NULL, NULL, NULL, NULL, NULL, NULL, NULL, NULL, NULL, NULL, NULL, NULL, NULL, NULL, NULL, '2023-07-02 12:31:07', '2023-07-02 12:31:07'),
(4, NULL, NULL, NULL, 'Budi', NULL, NULL, NULL, NULL, NULL, NULL, NULL, NULL, NULL, NULL, NULL, NULL, NULL, NULL, NULL, '2023-07-02 12:31:12', '2023-07-02 12:31:12'),
(5, NULL, NULL, NULL, 'Tasia', NULL, NULL, NULL, NULL, NULL, NULL, NULL, NULL, NULL, NULL, NULL, NULL, NULL, NULL, NULL, '2023-07-02 12:31:21', '2023-07-02 12:31:37'),
(6, NULL, NULL, NULL, 'Follie', NULL, NULL, NULL, NULL, NULL, NULL, NULL, NULL, NULL, NULL, NULL, NULL, NULL, NULL, NULL, '2023-07-02 12:31:45', '2023-07-02 12:32:07'),
(7, NULL, NULL, NULL, 'Siao Ik', NULL, NULL, NULL, NULL, NULL, NULL, NULL, NULL, NULL, NULL, NULL, NULL, NULL, NULL, NULL, '2023-07-02 12:32:30', '2023-07-02 12:32:30'),
(8, NULL, NULL, NULL, 'Tanu', NULL, NULL, NULL, NULL, NULL, NULL, NULL, NULL, NULL, NULL, NULL, NULL, NULL, NULL, NULL, '2023-07-02 12:32:44', '2023-07-02 12:32:44'),
(9, NULL, NULL, NULL, 'Wayne', NULL, NULL, NULL, NULL, NULL, NULL, NULL, NULL, NULL, NULL, NULL, NULL, NULL, NULL, NULL, '2023-07-02 12:32:53', '2023-07-02 12:32:53'),
(10, NULL, NULL, NULL, 'DG Agus', NULL, NULL, NULL, NULL, NULL, NULL, NULL, NULL, NULL, NULL, NULL, NULL, NULL, NULL, NULL, '2023-07-02 12:33:03', '2023-07-02 12:33:03'),
(11, NULL, NULL, NULL, 'Sylvie', NULL, NULL, NULL, NULL, NULL, NULL, NULL, NULL, NULL, NULL, NULL, NULL, NULL, NULL, NULL, '2023-07-02 12:33:11', '2023-07-02 12:33:11'),
(12, NULL, NULL, NULL, 'Jovan', NULL, NULL, NULL, NULL, NULL, NULL, NULL, NULL, NULL, NULL, NULL, NULL, NULL, NULL, NULL, '2023-07-02 12:33:25', '2023-07-02 12:33:25'),
(13, NULL, NULL, NULL, 'Amit', NULL, NULL, NULL, NULL, NULL, NULL, NULL, NULL, NULL, NULL, NULL, NULL, NULL, NULL, NULL, '2023-07-02 12:33:31', '2023-07-02 12:33:31'),
(14, NULL, NULL, NULL, 'Zulhen', NULL, NULL, NULL, NULL, NULL, NULL, NULL, NULL, NULL, NULL, NULL, NULL, NULL, NULL, NULL, '2023-07-02 12:33:44', '2023-07-02 12:33:44'),
(15, NULL, NULL, NULL, 'Tommy', NULL, NULL, NULL, NULL, NULL, NULL, NULL, NULL, NULL, NULL, NULL, NULL, NULL, NULL, NULL, '2023-07-02 12:33:49', '2023-07-02 12:33:49'),
(16, NULL, NULL, NULL, 'Algus', NULL, NULL, NULL, NULL, NULL, NULL, NULL, NULL, NULL, NULL, NULL, NULL, NULL, NULL, NULL, '2023-07-02 12:34:03', '2023-07-02 12:34:13'),
(17, NULL, NULL, NULL, 'Simon', NULL, NULL, NULL, NULL, NULL, NULL, NULL, NULL, NULL, NULL, NULL, NULL, NULL, NULL, NULL, '2023-07-02 12:34:25', '2023-07-02 12:34:25'),
(18, NULL, NULL, NULL, 'Suwandy', NULL, NULL, NULL, NULL, NULL, NULL, NULL, NULL, NULL, NULL, NULL, NULL, NULL, NULL, NULL, '2023-07-02 12:34:40', '2023-07-02 12:34:40'),
(19, NULL, NULL, NULL, 'Leni', NULL, NULL, NULL, NULL, NULL, NULL, NULL, NULL, NULL, NULL, NULL, NULL, NULL, NULL, NULL, '2023-07-02 12:35:08', '2023-07-02 12:35:08'),
(20, NULL, NULL, NULL, 'Santi', NULL, NULL, NULL, NULL, NULL, NULL, NULL, NULL, NULL, NULL, NULL, NULL, NULL, NULL, NULL, '2023-07-02 12:49:08', '2023-07-02 12:49:08'),
(21, NULL, NULL, NULL, 'ABM', NULL, NULL, NULL, NULL, NULL, NULL, NULL, NULL, NULL, NULL, NULL, NULL, NULL, NULL, NULL, '2023-07-02 12:49:19', '2023-07-02 12:49:19'),
(22, NULL, NULL, NULL, 'Modal awal Cella', NULL, NULL, NULL, NULL, NULL, NULL, NULL, NULL, NULL, NULL, NULL, NULL, NULL, NULL, '2023-07-02 15:42:16', '2023-07-02 12:49:28', '2023-07-02 15:42:16'),
(23, NULL, NULL, NULL, 'Andrian', NULL, NULL, NULL, NULL, NULL, NULL, NULL, NULL, NULL, NULL, NULL, NULL, NULL, NULL, NULL, '2023-07-02 12:49:38', '2023-07-02 12:49:38'),
(24, NULL, NULL, NULL, 'Khu min', NULL, NULL, NULL, NULL, NULL, NULL, NULL, NULL, NULL, NULL, NULL, NULL, NULL, NULL, NULL, '2023-07-02 12:49:46', '2023-07-02 12:49:46'),
(25, NULL, NULL, NULL, 'Pindahan Sheets 2022', NULL, NULL, NULL, NULL, NULL, NULL, NULL, NULL, NULL, NULL, NULL, NULL, NULL, NULL, '2023-07-02 14:58:56', '2023-07-02 13:39:17', '2023-07-02 14:58:56'),
(26, NULL, NULL, NULL, 'UNKNOWN', NULL, NULL, NULL, NULL, NULL, NULL, NULL, NULL, NULL, NULL, NULL, NULL, NULL, NULL, NULL, '2023-07-02 13:52:13', '2023-07-02 13:52:13'),
(27, NULL, NULL, NULL, 'Sandy', NULL, NULL, NULL, NULL, NULL, NULL, NULL, NULL, NULL, NULL, NULL, NULL, NULL, NULL, NULL, '2023-07-02 13:56:23', '2023-07-02 13:56:23'),
(28, NULL, NULL, NULL, 'Yuki', NULL, NULL, NULL, NULL, NULL, NULL, NULL, NULL, NULL, NULL, NULL, NULL, NULL, NULL, NULL, '2023-07-02 14:05:50', '2023-07-02 14:05:50'),
(29, NULL, NULL, NULL, 'PT MARSHELLA', NULL, NULL, NULL, NULL, NULL, NULL, NULL, NULL, NULL, NULL, NULL, NULL, NULL, NULL, NULL, '2023-07-02 14:34:52', '2023-07-02 16:35:11'),
(30, NULL, NULL, NULL, 'REKENING 168', NULL, NULL, NULL, NULL, NULL, NULL, NULL, NULL, NULL, NULL, NULL, NULL, NULL, NULL, '2023-07-02 14:58:43', '2023-07-02 14:35:06', '2023-07-02 14:58:43'),
(31, NULL, NULL, NULL, 'REKENING 999', NULL, NULL, NULL, NULL, NULL, NULL, NULL, NULL, NULL, NULL, NULL, NULL, NULL, NULL, '2023-07-02 14:58:50', '2023-07-02 14:35:30', '2023-07-02 14:58:50'),
(32, NULL, NULL, NULL, 'SALDO REAL AWAL', NULL, NULL, NULL, NULL, NULL, NULL, NULL, NULL, NULL, NULL, NULL, NULL, NULL, NULL, '2023-07-02 16:34:46', '2023-07-02 15:31:01', '2023-07-02 16:34:46'),
(33, NULL, NULL, NULL, 'PT PERSADA', NULL, NULL, NULL, NULL, NULL, NULL, NULL, NULL, NULL, NULL, NULL, NULL, NULL, NULL, NULL, '2023-07-02 15:32:57', '2023-07-02 16:35:28'),
(34, NULL, NULL, NULL, 'Di rek lain pecah pecah', NULL, NULL, NULL, NULL, NULL, NULL, NULL, NULL, NULL, NULL, NULL, NULL, '625jt\r\n39.980.000\r\n549.374.838\r\n35.000.000\r\n500.000.000', NULL, '2023-07-02 16:37:50', '2023-07-02 16:37:27', '2023-07-02 16:37:50'),
(35, NULL, NULL, NULL, 'Di rek lain pecah pecah', NULL, NULL, NULL, NULL, NULL, NULL, NULL, NULL, NULL, NULL, NULL, NULL, '625jt\r\n39.980.000\r\n549.374.838\r\n35.000.000\r\n500.000.000', NULL, '2023-07-02 16:37:53', '2023-07-02 16:37:27', '2023-07-02 16:37:53'),
(36, NULL, NULL, NULL, 'Di rek lain pecah pecah', NULL, NULL, NULL, NULL, NULL, NULL, NULL, NULL, NULL, NULL, NULL, NULL, '625jt\r\n39.980.000\r\n549.374.838\r\n35.000.000\r\n500.000.000', NULL, '2023-07-02 16:37:56', '2023-07-02 16:37:27', '2023-07-02 16:37:56'),
(37, NULL, NULL, NULL, 'Di rek lain pecah pecah', NULL, NULL, NULL, NULL, NULL, NULL, NULL, NULL, NULL, NULL, NULL, NULL, '625jt\r\n39.980.000\r\n549.374.838\r\n35.000.000\r\n500.000.000', NULL, NULL, '2023-07-02 16:37:27', '2023-07-02 16:37:27'),
(38, NULL, NULL, NULL, 'Sam 168', NULL, NULL, NULL, NULL, NULL, NULL, NULL, NULL, NULL, NULL, NULL, NULL, NULL, NULL, NULL, '2023-07-02 16:39:42', '2023-07-02 16:39:42'),
(39, NULL, NULL, NULL, 'Sam 999', NULL, NULL, NULL, NULL, NULL, NULL, NULL, NULL, NULL, NULL, NULL, NULL, NULL, NULL, NULL, '2023-07-02 16:39:52', '2023-07-02 16:39:52'),
(40, NULL, NULL, NULL, 'Willy Vape', NULL, NULL, NULL, NULL, NULL, NULL, NULL, NULL, NULL, NULL, NULL, NULL, NULL, NULL, NULL, '2023-07-03 03:51:49', '2023-07-03 03:51:49');

--
-- Dumping data for table `designate_banks`
--

INSERT INTO `designate_banks` (`order_id`, `bank_id`, `created_at`, `updated_at`) VALUES
(3, 0, '2023-07-02 13:32:04', '2023-07-02 13:32:04'),
(4, 0, '2023-07-02 13:32:42', '2023-07-02 13:32:42'),
(6, 0, '2023-07-02 13:34:42', '2023-07-02 13:34:42'),
(2, 0, '2023-07-02 13:41:35', '2023-07-02 13:41:35'),
(8, 0, '2023-07-02 13:42:10', '2023-07-02 13:42:10'),
(9, 0, '2023-07-02 14:29:23', '2023-07-02 14:29:23'),
(11, 1, '2023-07-02 16:07:49', '2023-07-02 16:07:49'),
(2, 4, '2023-07-03 02:48:53', '2023-07-03 02:48:53'),
(2, 5, '2023-07-03 02:48:53', '2023-07-03 02:48:53'),
(3, 4, '2023-07-03 02:55:16', '2023-07-03 02:55:16'),
(3, 5, '2023-07-03 02:55:16', '2023-07-03 02:55:16'),
(4, 4, '2023-07-03 02:55:54', '2023-07-03 02:55:54'),
(4, 5, '2023-07-03 02:55:54', '2023-07-03 02:55:54'),
(6, 4, '2023-07-03 03:01:03', '2023-07-03 03:01:03'),
(6, 5, '2023-07-03 03:01:03', '2023-07-03 03:01:03'),
(7, 0, '2023-07-03 03:06:24', '2023-07-03 03:06:24'),
(8, 3, '2023-07-03 03:07:07', '2023-07-03 03:07:07'),
(8, 7, '2023-07-03 03:07:07', '2023-07-03 03:07:07'),
(9, 3, '2023-07-03 03:07:52', '2023-07-03 03:07:52'),
(9, 7, '2023-07-03 03:07:52', '2023-07-03 03:07:52'),
(5, 0, '2023-07-03 03:22:21', '2023-07-03 03:22:21'),
(10, 3, '2023-07-03 03:55:35', '2023-07-03 03:55:35'),
(10, 7, '2023-07-03 03:55:35', '2023-07-03 03:55:35'),
(11, 1, '2023-07-03 03:57:03', '2023-07-03 03:57:03'),
(12, 4, '2023-07-03 04:19:01', '2023-07-03 04:19:01'),
(12, 5, '2023-07-03 04:19:01', '2023-07-03 04:19:01'),
(13, 1, '2023-07-03 04:57:10', '2023-07-03 04:57:10'),
(13, 3, '2023-07-03 04:57:10', '2023-07-03 04:57:10'),
(13, 7, '2023-07-03 04:57:10', '2023-07-03 04:57:10'),
(14, 0, '2023-07-03 06:35:17', '2023-07-03 06:35:17'),
(1, 0, '2023-07-03 06:51:08', '2023-07-03 06:51:08'),
(15, 0, '2023-07-05 02:48:14', '2023-07-05 02:48:14'),
(16, 0, '2023-07-05 02:48:35', '2023-07-05 02:48:35'),
(17, 0, '2023-07-05 02:54:03', '2023-07-05 02:54:03'),
(18, 0, '2023-07-05 02:54:25', '2023-07-05 02:54:25'),
(19, 0, '2023-07-05 02:58:34', '2023-07-05 02:58:34'),
(20, 0, '2023-07-05 03:16:07', '2023-07-05 03:16:07'),
(21, 0, '2023-07-05 03:21:10', '2023-07-05 03:21:10'),
(22, 0, '2023-07-05 03:23:30', '2023-07-05 03:23:30'),
(23, 0, '2023-07-05 03:28:32', '2023-07-05 03:28:32'),
(24, 0, '2023-07-05 03:56:28', '2023-07-05 03:56:28'),
(25, 0, '2023-07-05 04:03:30', '2023-07-05 04:03:30'),
(26, 0, '2023-07-05 04:05:19', '2023-07-05 04:05:19');

--
-- Dumping data for table `orders`
--

INSERT INTO `orders` (`id`, `customer_id`, `product_id`, `company_id`, `amount`, `buy`, `sell`, `pcharges`, `ccharges`, `pfa`, `cfa`, `created_at`, `updated_at`, `deleted_at`) VALUES
(1, '3', 1, 2, 76000.00, 15047.00, 15060.00, NULL, NULL, NULL, NULL, '2023-07-03 02:45:21', '2023-07-03 06:51:08', NULL),
(2, '11', 1, 2, 48123.00, 15047.00, 15060.00, 75000, 85000, 25, 25, '2023-07-03 02:48:53', '2023-07-03 02:48:53', NULL),
(3, '2', 1, 2, 100000.00, 15047.00, 15060.00, NULL, NULL, 25, 25, '2023-07-03 02:55:16', '2023-07-03 02:55:16', NULL),
(4, '2', 1, 2, 60000.00, 15047.00, 15060.00, NULL, NULL, 25, 25, '2023-07-03 02:55:54', '2023-07-03 02:55:54', NULL),
(5, '10', 1, 2, 114208.00, 15047.00, 15060.00, NULL, NULL, 25, 25, '2023-07-03 03:00:01', '2023-07-03 03:22:21', NULL),
(6, '10', 1, 2, 56740.00, 15047.00, 15060.00, NULL, NULL, 25, 25, '2023-07-03 03:01:03', '2023-07-03 03:01:03', NULL),
(7, '4', 1, 1, 78000.00, 15043.00, 15055.00, NULL, NULL, 25, 25, '2023-07-03 03:04:31', '2023-07-03 03:06:24', NULL),
(8, '4', 1, 1, 138964.00, 15043.00, 15055.00, NULL, NULL, 25, 25, '2023-07-03 03:07:07', '2023-07-03 03:07:07', NULL),
(9, '4', 1, 1, 114437.00, 15043.00, 15055.00, NULL, NULL, 25, 25, '2023-07-03 03:07:52', '2023-07-03 03:07:52', NULL),
(10, '40', 1, 1, 21230.00, 15042.00, 15055.00, 75000, 85000, 25, 25, '2023-07-03 03:53:18', '2023-07-03 03:55:00', NULL),
(11, '28', 1, 2, 14915.00, 15040.00, 15060.00, 75000, 85000, NULL, NULL, '2023-07-03 03:57:03', '2023-07-03 03:57:03', NULL),
(12, '3', 1, 2, 10830.00, 15039.00, 15050.00, 75000, 85000, NULL, NULL, '2023-07-03 04:19:01', '2023-07-03 04:19:01', NULL),
(13, '8', 1, 1, 20000.00, 15038.00, 15048.00, 75000, NULL, NULL, NULL, '2023-07-03 04:57:10', '2023-07-03 04:57:10', NULL),
(14, '1', 7, 1, 1.00, 1.00, 1.00, 2147483647, 2147483647, NULL, NULL, '2023-07-03 06:34:13', '2023-07-03 06:42:09', '2023-07-03 06:42:09'),
(15, '1', 1, 1, 15349.00, NULL, 15032.00, NULL, 85000, NULL, NULL, '2023-07-05 02:48:14', '2023-07-05 02:48:14', NULL),
(16, '1', 1, 1, 30000.00, NULL, 15032.00, NULL, NULL, NULL, NULL, '2023-07-05 02:48:35', '2023-07-05 02:48:35', NULL),
(17, '1', 1, 1, 75091.67, NULL, 15028.00, NULL, NULL, NULL, NULL, '2023-07-05 02:54:03', '2023-07-05 02:54:03', NULL),
(18, '1', 1, 1, 51760.00, NULL, 15028.00, NULL, NULL, NULL, NULL, '2023-07-05 02:54:25', '2023-07-05 02:54:25', NULL),
(19, '1', 1, 1, 58542.00, NULL, 15028.00, NULL, NULL, NULL, NULL, '2023-07-05 02:58:34', '2023-07-05 02:58:34', NULL),
(20, '1', 1, 1, 55751.00, NULL, 15023.00, NULL, NULL, NULL, NULL, '2023-07-05 03:16:07', '2023-07-05 03:16:07', NULL),
(21, '1', 1, 1, 17563.40, NULL, 15023.00, NULL, 85000, NULL, NULL, '2023-07-05 03:18:36', '2023-07-05 03:21:10', NULL),
(22, '1', 1, 1, 21755.00, NULL, 15023.00, NULL, NULL, NULL, NULL, '2023-07-05 03:23:30', '2023-07-05 03:23:30', NULL),
(23, '1', 1, 1, 30000.00, NULL, 15028.00, NULL, NULL, NULL, NULL, '2023-07-05 03:28:32', '2023-07-05 03:28:32', NULL),
(24, '1', 1, 1, 154041.00, NULL, 15028.00, NULL, NULL, NULL, NULL, '2023-07-05 03:56:28', '2023-07-05 03:56:28', NULL),
(25, '1', 1, 1, 20710.00, NULL, 15028.00, NULL, NULL, NULL, NULL, '2023-07-05 03:56:55', '2023-07-05 04:03:30', NULL),
(26, '1', 6, 2, 56455.61, NULL, 19088.00, NULL, NULL, NULL, NULL, '2023-07-05 04:01:20', '2023-07-05 04:05:19', NULL);

--
-- Dumping data for table `payments`
--

INSERT INTO `payments` (`id`, `customer_id`, `company_id`, `amount`, `origin_bank`, `origin_account`, `bank_id`, `slip_date`, `attachment`, `status`, `validation`, `created_at`, `updated_at`, `deleted_at`) VALUES
(1, 26, 6, 23495000.00, NULL, NULL, 1, '2023-03-17', NULL, 'unchecked', 'validated', '2023-07-02 17:21:20', '2023-07-02 17:52:56', NULL),
(2, 26, 6, 32850000.00, NULL, NULL, 1, '2023-04-05', NULL, 'unchecked', 'validated', '2023-07-02 17:22:03', '2023-07-02 17:22:06', NULL),
(3, 26, 6, 9851000.00, NULL, NULL, 1, '2023-05-30', NULL, 'unchecked', 'validated', '2023-07-02 17:22:39', '2023-07-02 17:22:42', NULL),
(4, 26, 6, 20000000.00, NULL, NULL, 1, '2023-06-19', NULL, 'unchecked', 'validated', '2023-07-02 17:23:08', '2023-07-02 17:23:11', NULL),
(5, 1, 6, 80129500.00, NULL, NULL, 1, '2023-06-27', NULL, 'checked', 'validated', '2023-07-02 17:23:40', '2023-07-03 04:58:19', NULL),
(6, 1, 6, 294026022.00, NULL, NULL, 1, '2023-07-03', NULL, 'checked', 'validated', '2023-07-02 17:24:22', '2023-07-02 17:36:31', NULL),
(7, 1, 7, 625000000.00, NULL, NULL, 8, '2023-07-03', NULL, 'checked', 'validated', '2023-07-02 17:27:28', '2023-07-02 17:36:31', NULL),
(8, 1, 6, 31008000.00, NULL, NULL, 2, '2023-07-03', NULL, 'checked', 'validated', '2023-07-02 17:28:08', '2023-07-02 17:36:36', NULL),
(9, 1, 2, 587620310.00, NULL, NULL, 5, '2023-07-03', NULL, 'checked', 'validated', '2023-07-02 17:29:05', '2023-07-02 17:36:38', NULL),
(10, 1, 7, 549374838.00, NULL, NULL, 9, '2023-07-03', NULL, 'checked', 'validated', '2023-07-02 17:31:39', '2023-07-02 17:36:40', NULL),
(11, 1, 7, 128698162.17, NULL, NULL, 10, '2023-07-03', NULL, 'checked', 'validated', '2023-07-02 17:32:21', '2023-07-02 17:36:45', NULL),
(12, 8, 7, 371301837.83, NULL, NULL, 10, '2023-07-03', NULL, 'checked', 'validated', '2023-07-02 17:38:29', '2023-07-02 17:38:37', NULL),
(13, 8, 7, 127878456.17, NULL, NULL, 11, '2023-07-03', NULL, 'checked', 'validated', '2023-07-02 17:39:23', '2023-07-02 17:43:06', NULL),
(14, 27, 7, 1200000.00, NULL, NULL, 11, '2023-07-03', NULL, 'checked', 'validated', '2023-07-02 17:45:38', '2023-07-02 17:45:46', NULL),
(15, 12, 7, 3945725.00, NULL, NULL, 11, '2023-07-03', NULL, 'checked', 'validated', '2023-07-02 17:46:42', '2023-07-02 17:46:50', NULL),
(16, 26, 7, 116740618.83, NULL, NULL, 11, '2023-07-03', NULL, 'checked', 'validated', '2023-07-02 17:48:55', '2023-07-02 17:49:14', NULL),
(17, 26, 7, 100000000.00, NULL, NULL, 12, '2023-07-03', NULL, 'checked', 'validated', '2023-07-02 17:49:54', '2023-07-02 17:50:08', NULL),
(18, 26, 7, 39980000.00, NULL, NULL, 13, '2023-07-03', NULL, 'checked', 'validated', '2023-07-02 17:52:47', '2023-07-03 03:45:18', NULL),
(19, 26, 7, 35000000.00, NULL, NULL, 14, '2023-07-03', NULL, 'checked', 'validated', '2023-07-02 17:53:31', '2023-07-03 03:44:37', NULL),
(20, 26, 1, 372375.00, NULL, NULL, 17, '2023-07-03', NULL, 'checked', 'validated', '2023-07-02 17:54:05', '2023-07-03 03:24:11', NULL),
(21, 26, 7, 82106400.00, NULL, NULL, 16, '2023-07-03', NULL, 'checked', 'validated', '2023-07-02 17:54:39', '2023-07-03 04:30:46', NULL),
(22, 26, 1, -381472755.89, NULL, NULL, 3, '2023-07-03', NULL, 'checked', 'validated', '2023-07-02 17:55:48', '2023-07-02 17:56:12', NULL),
(23, 1, 2, 20000000.00, NULL, NULL, 5, '2023-06-30', NULL, 'unchecked', 'unvalidated', '2023-07-03 02:22:43', '2023-07-03 04:12:49', '2023-07-03 04:12:49'),
(24, 1, 1, 35000000.00, NULL, NULL, 3, '2023-07-01', NULL, 'unchecked', 'unvalidated', '2023-07-03 02:23:55', '2023-07-03 04:12:50', '2023-07-03 04:12:50'),
(25, 1, 1, 32326000.00, NULL, NULL, 7, '2023-07-01', NULL, 'unchecked', 'unvalidated', '2023-07-03 02:24:25', '2023-07-03 04:12:52', '2023-07-03 04:12:52'),
(26, 1, 6, 27867000.00, NULL, NULL, 1, '2023-07-01', NULL, 'unchecked', 'unvalidated', '2023-07-03 02:25:02', '2023-07-03 04:12:54', '2023-07-03 04:12:54'),
(27, 1, 2, 2000000.00, NULL, NULL, 5, '2023-07-01', NULL, 'unchecked', 'unvalidated', '2023-07-03 02:25:29', '2023-07-03 04:12:55', '2023-07-03 04:12:55'),
(28, 1, 6, 200000000.00, NULL, NULL, 1, '2023-07-01', NULL, 'unchecked', 'unvalidated', '2023-07-03 02:25:52', '2023-07-03 04:12:57', '2023-07-03 04:12:57'),
(29, 1, 6, 11890000.00, NULL, NULL, 1, '2023-07-01', NULL, 'unchecked', 'unvalidated', '2023-07-03 02:26:19', '2023-07-03 04:13:01', '2023-07-03 04:13:01'),
(30, 1, 1, 25795000.00, NULL, NULL, 7, '2023-07-02', NULL, 'unchecked', 'unvalidated', '2023-07-03 02:26:42', '2023-07-03 04:13:02', '2023-07-03 04:13:02'),
(31, 1, 1, 136085000.00, NULL, NULL, 7, '2023-07-02', NULL, 'unchecked', 'unvalidated', '2023-07-03 02:27:12', '2023-07-03 04:13:04', '2023-07-03 04:13:04'),
(32, 1, 1, 28863000.00, NULL, NULL, 7, '2023-07-02', NULL, 'unchecked', 'unvalidated', '2023-07-03 02:27:33', '2023-07-03 04:13:07', '2023-07-03 04:13:07'),
(33, 1, 1, 43000000.00, NULL, NULL, 3, '2023-06-27', NULL, 'unchecked', 'unvalidated', '2023-07-03 02:27:54', '2023-07-03 04:12:44', '2023-07-03 04:12:44'),
(34, 1, 1, 250000000.00, NULL, NULL, 3, '2023-06-27', NULL, 'unchecked', 'unvalidated', '2023-07-03 02:41:19', '2023-07-03 04:13:09', '2023-07-03 04:13:09'),
(35, 26, 6, 100000000.00, NULL, NULL, 1, '2023-06-27', NULL, 'checked', 'validated', '2023-07-03 04:31:50', '2023-07-03 04:32:15', NULL),
(36, 28, 2, 149662500.00, NULL, NULL, 1, '2023-07-29', NULL, 'checked', 'validated', '2023-07-03 04:33:40', '2023-07-03 04:36:33', NULL),
(37, 28, 2, 74962500.00, NULL, NULL, 1, '2023-07-03', NULL, 'checked', 'validated', '2023-07-03 04:34:10', '2023-07-03 04:36:34', NULL),
(38, 11, 2, 300000000.00, NULL, NULL, 4, '2023-07-03', NULL, 'checked', 'validated', '2023-07-03 04:43:28', '2023-07-03 04:45:07', NULL),
(39, 11, 2, 300000000.00, NULL, NULL, 4, '2023-07-03', NULL, 'checked', 'validated', '2023-07-03 04:44:28', '2023-07-03 04:45:14', NULL),
(40, 11, 2, 125193880.00, NULL, NULL, 4, '2023-07-03', NULL, 'checked', 'validated', '2023-07-03 04:44:50', '2023-07-03 04:45:17', NULL),
(41, 8, 6, 145490500.00, NULL, NULL, 3, '2023-06-26', NULL, 'checked', 'validated', '2023-07-03 04:48:14', '2023-07-03 04:55:00', NULL),
(42, 8, 6, 88634000.00, NULL, NULL, 1, '2023-06-28', NULL, 'checked', 'validated', '2023-07-03 04:48:47', '2023-07-03 04:55:05', NULL),
(43, 8, 6, 100000000.00, NULL, NULL, 1, '2023-06-29', NULL, 'checked', 'validated', '2023-07-03 04:49:28', '2023-07-03 04:55:09', NULL),
(44, 8, 6, 14709500.00, NULL, NULL, 1, '2023-06-30', NULL, 'checked', 'validated', '2023-07-03 04:49:53', '2023-07-03 04:55:13', NULL),
(45, 8, 6, 21247500.00, NULL, NULL, 1, '2023-06-30', NULL, 'checked', 'validated', '2023-07-03 04:50:29', '2023-07-03 04:55:17', NULL),
(46, 8, 6, 48459500.00, NULL, NULL, 1, '2023-07-01', NULL, 'checked', 'validated', '2023-07-03 04:50:54', '2023-07-03 04:55:21', NULL),
(47, 2, 2, 414319970.00, NULL, NULL, 5, '2023-07-03', NULL, 'checked', 'validated', '2023-07-03 06:09:04', '2023-07-03 06:13:55', NULL),
(48, 2, 2, 263302125.00, NULL, NULL, 5, '2023-07-03', NULL, 'checked', 'validated', '2023-07-03 06:09:37', '2023-07-03 06:14:01', NULL),
(49, 2, 2, 145674375.00, NULL, NULL, 5, '2023-07-03', NULL, 'checked', 'validated', '2023-07-03 06:12:05', '2023-07-03 06:14:07', NULL),
(50, 2, 2, 35000000.00, NULL, NULL, 4, '2023-07-03', NULL, 'checked', 'validated', '2023-07-03 06:12:18', '2023-07-03 06:14:09', NULL),
(51, 2, 2, 390500000.00, NULL, NULL, 4, '2023-07-03', NULL, 'checked', 'validated', '2023-07-03 06:12:39', '2023-07-03 06:14:11', NULL),
(52, 2, 2, 495000000.00, NULL, NULL, 5, '2023-07-03', NULL, 'checked', 'validated', '2023-07-03 06:13:08', '2023-07-03 06:14:13', NULL),
(53, 2, 2, 266556530.00, NULL, NULL, 5, '2023-07-03', NULL, 'checked', 'validated', '2023-07-03 06:13:34', '2023-07-03 06:14:05', NULL),
(54, 40, 1, 320079025.00, NULL, NULL, 3, '2023-07-03', NULL, 'checked', 'validated', '2023-07-03 06:15:32', '2023-07-03 06:15:36', NULL),
(55, 10, 2, 600000000.00, NULL, NULL, 4, '2023-07-03', NULL, 'checked', 'validated', '2023-07-03 06:16:59', '2023-07-03 06:55:29', NULL),
(56, 10, 2, 400000000.00, NULL, NULL, 4, '2023-07-03', NULL, 'checked', 'validated', '2023-07-03 06:17:18', '2023-07-03 06:55:30', NULL),
(57, 10, 2, 1440000000.00, NULL, NULL, 4, '2023-07-03', NULL, 'checked', 'validated', '2023-07-03 06:18:28', '2023-07-03 06:55:31', NULL),
(58, 10, 2, 83000000.00, NULL, NULL, 4, '2023-07-03', NULL, 'checked', 'validated', '2023-07-03 06:18:51', '2023-07-03 06:55:32', NULL),
(59, 10, 2, 52229880.00, NULL, NULL, 4, '2023-07-03', NULL, 'checked', 'validated', '2023-07-03 06:19:28', '2023-07-03 06:55:33', NULL),
(60, 4, 1, 900000000.00, NULL, NULL, 18, '2023-07-03', NULL, 'checked', 'validated', '2023-07-03 06:28:18', '2023-07-03 06:55:34', NULL),
(61, 4, 1, 400000000.00, NULL, NULL, 18, '2023-07-03', NULL, 'checked', 'validated', '2023-07-03 06:28:53', '2023-07-03 06:55:35', NULL),
(62, 4, 1, 423225410.00, NULL, NULL, 18, '2023-07-03', NULL, 'checked', 'validated', '2023-07-03 06:29:21', '2023-07-03 06:55:35', NULL),
(63, 4, 1, 274666375.00, NULL, NULL, 3, '2023-07-03', NULL, 'checked', 'validated', '2023-07-03 06:29:52', '2023-07-03 06:55:36', NULL),
(64, 4, 1, 2700000000.00, NULL, NULL, 3, '2023-07-03', NULL, 'checked', 'validated', '2023-07-03 06:30:16', '2023-07-03 06:55:37', NULL),
(65, 4, 1, 292479395.00, NULL, NULL, 3, '2023-07-03', NULL, 'checked', 'validated', '2023-07-03 06:30:48', '2023-07-03 06:55:38', NULL),
(66, 1, 1, 9999999999.99, NULL, NULL, 3, '2023-07-03', NULL, 'unchecked', 'unvalidated', '2023-07-03 07:09:20', '2023-07-03 07:09:50', '2023-07-03 07:09:50'),
(67, 3, 2, 377636500.00, NULL, NULL, 4, '2023-07-03', NULL, 'checked', 'validated', '2023-07-03 07:36:32', '2023-07-03 07:37:48', NULL),
(68, 3, 2, 480000000.00, NULL, NULL, 4, '2023-07-03', NULL, 'checked', 'validated', '2023-07-03 07:36:48', '2023-07-03 07:37:50', NULL),
(69, 3, 2, 450000000.00, NULL, NULL, 4, '2023-07-03', NULL, 'checked', 'validated', '2023-07-03 07:37:42', '2023-07-03 07:37:49', NULL),
(70, 2, 2, 400000000.00, NULL, NULL, 4, '2023-07-03', NULL, 'checked', 'validated', '2023-07-03 07:39:25', '2023-07-03 07:39:29', NULL),
(71, 1, 1, 3296440023.00, NULL, NULL, 1, '2023-07-04', NULL, 'checked', 'validated', '2023-07-05 02:04:33', '2023-07-05 02:05:10', NULL),
(72, 1, 6, 70000000.00, NULL, NULL, 1, '2023-07-05', NULL, 'checked', 'validated', '2023-07-05 02:44:57', '2023-07-05 02:55:17', NULL),
(73, 1, 6, 10000000.00, NULL, NULL, 1, '2023-07-05', NULL, 'checked', 'validated', '2023-07-05 02:44:57', '2023-07-05 02:55:19', NULL),
(74, 1, 1, 74983500.00, NULL, NULL, 3, '2023-07-05', NULL, 'checked', 'validated', '2023-07-05 02:44:57', '2023-07-05 02:55:20', NULL),
(75, 1, 6, 150000000.00, NULL, NULL, 1, '2023-07-04', NULL, 'checked', 'validated', '2023-07-05 02:56:15', '2023-07-05 03:03:00', NULL),
(76, 1, 1, 150000000.00, NULL, NULL, 3, '2023-07-04', NULL, 'checked', 'validated', '2023-07-05 03:26:00', '2023-07-05 03:26:09', NULL),
(77, 1, 1, 78366880.00, NULL, NULL, 3, '2023-07-05', NULL, 'checked', 'validated', '2023-07-05 03:41:20', '2023-07-05 03:42:13', NULL),
(78, 1, 2, 43532500.00, NULL, NULL, 7, '2023-07-05', NULL, 'checked', 'validated', '2023-07-05 03:44:24', '2023-07-05 03:44:33', NULL),
(79, 1, 1, 451260000.00, NULL, NULL, 3, '2023-07-05', NULL, 'checked', 'validated', '2023-07-05 03:45:58', '2023-07-05 03:57:41', NULL);

--
-- Dumping data for table `products`
--

INSERT INTO `products` (`id`, `product_code`, `symbol`, `currency`, `created_at`, `updated_at`, `deleted_at`) VALUES
(1, NULL, '$', 'USD', NULL, NULL, NULL),
(2, NULL, '¥', 'Renminbi', NULL, NULL, NULL),
(3, NULL, 'SGD', 'Singapore Dollar', '2023-07-02 12:47:32', '2023-07-02 12:47:32', NULL),
(4, NULL, 'HKD', 'Hongkong Dollar', '2023-07-02 12:47:49', '2023-07-02 12:47:49', NULL),
(5, NULL, '€', 'Euro', '2023-07-02 12:48:00', '2023-07-02 12:48:00', NULL),
(6, NULL, '£', 'GBP', '2023-07-02 12:48:12', '2023-07-02 12:48:12', NULL),
(7, NULL, 'Rp', 'Rupiah', '2023-07-02 12:55:05', '2023-07-02 12:55:05', NULL);
COMMIT;

/*!40101 SET CHARACTER_SET_CLIENT=@OLD_CHARACTER_SET_CLIENT */;
/*!40101 SET CHARACTER_SET_RESULTS=@OLD_CHARACTER_SET_RESULTS */;
/*!40101 SET COLLATION_CONNECTION=@OLD_COLLATION_CONNECTION */;
